{"cameraMode":{"drawMode":0,"name":"Shaded","section":"Shading Mode"},"sceneLighting":true,"audioPlay":false,"sceneViewState":{"m_AlwaysRefresh":true,"showFog":true,"showSkybox":true,"showFlares":true,"showImageEffects":true,"showParticleSystems":true,"showVisualEffectGraphs":true,"m_FxEnabled":true},"in2DMode":false,"pivot":{"x":419.79168701171877,"y":205.48526000976563,"z":7.60870361328125},"rotation":{"x":0.04048137739300728,"y":0.01993115060031414,"z":-0.0008363418746739626,"w":0.9990128874778748},"size":162.17776489257813,"orthographic":false}